Round,Pick,Value,Tm,Year
1,1,3000,Chicago Bears,2024
1,2,2600,Washington Commanders,2024
1,3,2200,New England Patriots,2024
1,4,1800,Arizona Cardinals,2024
1,5,1700,Los Angeles Chargers,2024
1,6,1600,New York Giants,2024
1,7,1500,Tennessee Titans,2024
1,8,1400,Atlanta Falcons,2024
1,9,1350,Chicago Bears,2024
1,10,1300,New York Jets,2024
1,11,1250,Minnesota Vikings,2024
1,12,1200,Denver Broncos,2024
1,13,1150,Las Vegas Raiders,2024
1,14,1100,New Orleans Saints,2024
1,15,1050,Indianapolis Colts,2024
1,16,1000,Seattle Seahawks,2024
1,17,950,Jacksonville Jaguars,2024
1,18,900,Cincinnati Bengals,2024
1,19,875,Los Angeles Rams,2024
1,20,850,Pittsburgh Steelers,2024
1,21,800,Miami Dolphins,2024
1,22,780,Philadelphia Eagles,2024
1,23,760,Minnesota Vikings,2024
1,24,740,Dallas Cowboys,2024
1,25,720,Green Bay Packers,2024
1,26,700,Tampa Bay Buccaneers,2024
1,27,680,Arizona Cardinals,2024
1,28,660,Buffalo Bills,2024
1,29,640,Detroit Lions,2024
1,30,620,Baltimore Ravens,2024
1,31,600,San Francisco 49ers,2024
1,32,590,Kansas City Chiefs,2024
2,33,580,Carolina Panthers,2024
2,34,560,New England Patriots,2024
2,35,550,Arizona Cardinals,2024
2,36,540,Washington Commanders,2024
2,37,530,Los Angeles Chargers,2024
2,38,520,Tennessee Titans,2024
2,39,510,Carolina Panthers,2024
2,40,500,Washington Commanders,2024
2,41,490,Green Bay Packers,2024
2,42,480,Houston Texans,2024
2,43,470,Atlanta Falcons,2024
2,44,460,Las Vegas Raiders,2024
2,45,450,New Orleans Saints,2024
2,46,440,Indianapolis Colts,2024
2,47,430,New York Giants,2024
2,48,420,Jacksonville Jaguars,2024
2,49,410,Cincinnati Bengals,2024
2,50,400,Philadelphia Eagles,2024
2,51,390,Pittsburgh Steelers,2024
2,52,380,Los Angeles Rams,2024
2,53,370,Philadelphia Eagles,2024
2,54,360,Cleveland Browns,2024
2,55,350,Miami Dolphins,2024
2,56,340,Dallas Cowboys,2024
2,57,330,Tampa Bay Buccaneers,2024
2,58,320,Green Bay Packers,2024
2,59,310,Houston Texans,2024
2,60,300,Buffalo Bills,2024
2,61,292,Detroit Lions,2024
2,62,284,Baltimore Ravens,2024
2,63,276,San Francisco 49ers,2024
2,64,270,Kansas City Chiefs,2024
3,65,265,Carolina Panthers,2024
3,66,260,Arizona Cardinals,2024
3,67,255,Washington Commanders,2024
3,68,250,New England Patriots,2024
3,69,245,Los Angeles Chargers,2024
3,70,240,New York Giants,2024
3,71,235,Arizona Cardinals,2024
3,72,230,New York Jets,2024
3,73,225,Detroit Lions,2024
3,74,220,Atlanta Falcons,2024
3,75,215,Chicago Bears,2024
3,76,210,Denver Broncos,2024
3,77,205,Las Vegas Raiders,2024
3,78,200,Washington Commanders,2024
3,79,195,Atlanta Falcons,2024
3,80,190,Cincinnati Bengals,2024
3,81,185,Seattle Seahawks,2024
3,82,180,Indianapolis Colts,2024
3,83,175,Los Angeles Rams,2024
3,84,170,Pittsburgh Steelers,2024
3,85,165,Cleveland Browns,2024
3,86,160,Houston Texans,2024
3,87,155,Dallas Cowboys,2024
3,88,150,Green Bay Packers,2024
3,89,145,Tampa Bay Buccaneers,2024
3,90,140,Arizona Cardinals,2024
3,91,136,Green Bay Packers,2024
3,92,132,Tampa Bay Buccaneers,2024
3,93,128,Baltimore Ravens,2024
3,94,124,San Francisco 49ers,2024
3,95,120,Kansas City Chiefs,2024
4,96,116,Jacksonville Jaguars,2024
4,97,112,Cincinnati Bengals,2024
4,98,108,Pittsburgh Steelers,2024
4,99,104,Los Angeles Rams,2024
4,100,100,Washington Commanders,2024
4,101,96,Carolina Panthers,2024
4,102,92,Seattle Seahawks,2024
4,103,88,New England Patriots,2024
4,104,86,Arizona Cardinals,2024
4,105,84,Los Angeles Chargers,2024
4,106,82,Tennessee Titans,2024
4,107,80,New York Giants,2024
4,108,78,Minnesota Vikings,2024
4,109,76,Atlanta Falcons,2024
4,110,74,Los Angeles Chargers,2024
4,111,72,New York Jets,2024
4,112,70,Las Vegas Raiders,2024
4,113,68,Baltimore Ravens,2024
4,114,66,Jacksonville Jaguars,2024
4,115,64,Cincinnati Bengals,2024
4,116,62,Jacksonville Jaguars,2024
4,117,60,Indianapolis Colts,2024
4,118,58,Seattle Seahawks,2024
4,119,56,Pittsburgh Steelers,2024
4,120,54,Philadelphia Eagles,2024
4,121,52,Denver Broncos,2024
4,122,50,Chicago Bears,2024
4,123,49,Houston Texans,2024
4,124,48,San Francisco 49ers,2024
4,125,47,Tampa Bay Buccaneers,2024
4,126,46,Green Bay Packers,2024
4,127,45,Houston Texans,2024
5,128,44,Buffalo Bills,2024
5,129,43,Minnesota Vikings,2024
5,130,42,Baltimore Ravens,2024
5,131,41,San Francisco 49ers,2024
5,132,40,Kansas City Chiefs,2024
5,133,40,San Francisco 49ers,2024
5,134,39,Buffalo Bills,2024
5,135,39,New York Jets,2024
5,136,38,Denver Broncos,2024
5,137,38,New England Patriots,2024
5,138,37,Arizona Cardinals,2024
5,139,37,Washington Commanders,2024
5,140,36,Los Angeles Chargers,2024
5,141,36,New York Giants,2024
5,142,35,Carolina Panthers,2024
5,143,35,Atlanta Falcons,2024
5,144,34,Buffalo Bills,2024
5,145,34,Denver Broncos,2024
5,146,33,Tennessee Titans,2024
5,147,33,Denver Broncos,2024
5,148,32,Las Vegas Raiders,2024
5,149,32,Cincinnati Bengals,2024
5,150,31,New Orleans Saints,2024
5,151,31,Indianapolis Colts,2024
5,152,31,Washington Commanders,2024
5,153,30,Jacksonville Jaguars,2024
5,154,30,Los Angeles Rams,2024
5,155,29,Los Angeles Rams,2024
5,156,29,Cleveland Browns,2024
5,157,29,Minnesota Vikings,2024
5,158,28,Miami Dolphins,2024
5,159,28,Kansas City Chiefs,2024
5,160,27,Buffalo Bills,2024
6,161,27,Philadelphia Eagles,2024
6,162,27,Arizona Cardinals,2024
6,163,26,Buffalo Bills,2024
6,164,26,Detroit Lions,2024
6,165,25,Baltimore Ravens,2024
6,166,25,Carolina Panthers,2024
6,167,25,Minnesota Vikings,2024
6,168,24,New Orleans Saints,2024
6,169,24,Green Bay Packers,2024
6,170,23,New Orleans Saints,2024
6,171,23,Philadelphia Eagles,2024
6,172,23,Philadelphia Eagles,2024
6,173,22,Kansas City Chiefs,2024
6,174,22,Dallas Cowboys,2024
6,175,21,New Orleans Saints,2024
6,176,21,San Francisco 49ers,2024
6,177,21,Minnesota Vikings,2024
6,178,20,Pittsburgh Steelers,2024
6,179,20,Seattle Seahawks,2024
6,180,19,New England Patriots,2024
6,181,19,Los Angeles Chargers,2024
6,182,19,Tennessee Titans,2024
6,183,18,New York Giants,2024
6,184,18,Miami Dolphins,2024
6,185,17,New York Jets,2024
6,186,17,Arizona Cardinals,2024
6,187,17,Philadelphia Eagles,2024
6,188,16,Houston Texans,2024
6,189,16,Los Angeles Rams,2024
6,190,15,New Orleans Saints,2024
6,191,15,Indianapolis Colts,2024
6,192,15,Seattle Seahawks,2024
7,193,14,New England Patriots,2024
7,194,14,Cincinnati Bengals,2024
7,195,13,Pittsburgh Steelers,2024
7,196,13,Buffalo Bills,2024
7,197,13,Atlanta Falcons,2024
7,198,12,Miami Dolphins,2024
7,199,12,New Orleans Saints,2024
7,200,11,Buffalo Bills,2024
7,201,11,Detroit Lions,2024
7,202,11,Green Bay Packers,2024
7,203,10,Denver Broncos,2024
7,204,10,Buffalo Bills,2024
7,205,9,Detroit Lions,2024
7,206,9,Cleveland Browns,2024
7,207,9,Denver Broncos,2024
7,208,8,Las Vegas Raiders,2024
7,209,8,Los Angeles Rams,2024
7,210,7,Philadelphia Eagles,2024
7,211,7,San Francisco 49ers,2024
7,212,7,Jacksonville Jaguars,2024
7,213,6,Los Angeles Rams,2024
7,214,6,Cincinnati Bengals,2024
7,215,5,San Francisco 49ers,2024
7,216,5,Dallas Cowboys,2024
7,217,5,Los Angeles Rams,2024
7,218,4,Baltimore Ravens,2024
7,219,4,Green Bay Packers,2024
7,220,3,Tampa Bay Buccaneers,2024
7,221,3,Tennessee Titans,2024
7,222,3,Washington Commanders,2024
7,223,2,Las Vegas Raiders,2024
7,224,2,Cincinnati Bengals,2024